{
    "manifestVersion": "v3",
    "name": "SampleApp",
    "interfaces": [
        {
            "type": "grpc-interface",
            "config": {
                "src": "https://raw.githubusercontent.com/eclipse-kuksa/kuksa-incubation/0.4.0/seat_service/proto/sdv/edge/comfort/seats/v1/seats.proto",
                "provided": { }
            }
        },
        {
            "type": "vehicle-signal-interface",
            "config": {
                "src": "https://github.com/COVESA/vehicle_signal_specification/releases/download/v4.0/vss_rel_4.0.json",
                "datapoints": {
                    "required": [
                        {
                            "path": "Vehicle.Cabin.Seat.Row1.DriverSide.Position",
                            "access": "write"
                        }
                    ]
                }
            }
        }
    ]
}
