{
    "manifestVersion": "v3",
    "name": "seatadjuster",
    "interfaces": [
        {
            "type": "vehicle-signal-interface",
            "config": {
                "src": "https://github.com/COVESA/vehicle_signal_specification/releases/download/v4.0/vss_rel_4.0.json",
                "datapoints": {
                    "required": [
                        {
                            "path": "Vehicle.Cabin.Seat.Row1.DriverSide.Position",
                            "access": "write"
                        },
                        {
                            "path": "Vehicle.Speed",
                            "access": "read"
                        }
                    ]
                }
            }
        },
        {
            "type": "pubsub",
            "config": {
                "reads": [ "seatadjuster/setPosition/request" ],
                "writes": [
                    "seatadjuster/setPosition/response",
                    "seatadjuster/currentPosition"
                ]
            }
        }
    ]
}
